hours,dH_curl,dH_roll
-150.0,-7.904111,-4.079362
-149.0,-8.015983,-4.809694
-148.0,-7.970695,-5.547122
-147.0,-8.126802,-6.300939
-146.0,-8.431815,-7.059532
-145.0,-8.502939,-7.734009
-144.0,-8.763978,-8.443477
-143.0,-8.849141,-8.516825
-142.0,-9.045806,-8.613783
-141.0,-9.103116,-8.672932
-140.0,-8.093718,-8.698540
-139.0,-8.513619,-8.738310
-138.0,-8.784281,-8.681413
-137.0,-9.179487,-8.578347
-136.0,-8.680485,-8.462851
-135.0,-8.434092,-8.353124
-134.0,-8.909056,-8.266989
-133.0,-7.820177,-8.171189
-132.0,-7.527182,-8.043972
-131.0,-7.463198,-7.905054
-130.0,-7.729078,-7.766747
-129.0,-8.069497,-7.633364
-128.0,-6.944120,-7.519775
-127.0,-6.987013,-7.359646
-126.0,-7.117266,-7.244319
-125.0,-7.519797,-7.169562
-124.0,-7.079887,-7.064314
-123.0,-7.071035,-6.912284
-122.0,-6.987499,-6.746230
-121.0,-6.436252,-6.638003
-120.0,-6.630102,-6.569646
-119.0,-6.200223,-6.496658
-118.0,-5.904719,-6.432131
-117.0,-6.076847,-6.412988
-116.0,-5.645396,-6.403148
-115.0,-6.166729,-6.345235
-114.0,-6.241409,-6.374167
-113.0,-6.745479,-6.355692
-112.0,-6.850162,-6.358037
-111.0,-6.952964,-6.338670
-110.0,-6.292534,-6.310486
-109.0,-6.783443,-6.182267
-108.0,-6.408399,-6.002295
-107.0,-6.228357,-5.871201
-106.0,-5.672316,-5.725743
-105.0,-5.738638,-5.543148
-104.0,-4.106774,-5.363915
-103.0,-4.007064,-5.238670
-102.0,-4.668279,-5.057923
-101.0,-4.999984,-4.879160
-100.0,-4.659026,-4.704616
-99.0,-4.802170,-4.556983
-98.0,-4.789584,-4.396270
-97.0,-4.614490,-4.357389
-96.0,-4.263236,-4.342701
-95.0,-4.133828,-4.260186
-94.0,-3.900720,-4.131320
-93.0,-3.810089,-4.049925
-92.0,-3.640198,-3.953646
-91.0,-3.830807,-3.866330
-90.0,-3.678102,-3.875717
-89.0,-3.453590,-3.978577
-88.0,-3.682291,-3.957894
-87.0,-3.646818,-3.769473
-86.0,-3.741795,-3.448591
-85.0,-4.727134,-3.133765
-84.0,-5.497556,-2.799014
-83.0,-3.885622,-2.476485
-82.0,-1.639670,-2.175676
-81.0,0.040493,-1.859428
-80.0,0.137707,-1.556494
-79.0,0.186214,-1.259876
-78.0,0.192239,-0.897030
-77.0,0.156118,-0.472247
-76.0,0.112690,-0.174091
-75.0,-0.011609,-0.050351
-74.0,-0.182377,-0.055052
-73.0,-0.372993,-0.072518
-72.0,-0.400150,-0.091906
-71.0,-0.307749,-0.097732
-70.0,-0.154797,-0.108338
-69.0,-0.015923,-0.127737
-68.0,-0.071876,-0.151070
-67.0,-0.046451,-0.169459
-66.0,0.122334,-0.171634
-65.0,0.028849,-0.256446
-64.0,-0.120105,-0.392915
-63.0,-0.291606,-0.575692
-62.0,-0.403040,-0.768312
-61.0,-0.399098,-0.876650
-60.0,-1.417885,-0.927129
-59.0,-1.945385,-0.940339
-58.0,-2.348125,-0.961818
-57.0,-2.327354,-0.979072
-56.0,-1.371941,-0.976061
-55.0,-0.652194,-0.973015
-54.0,-0.036188,-0.978109
-53.0,-0.228899,-0.904337
-52.0,-0.327151,-0.789731
-51.0,-0.255470,-0.647388
-50.0,-0.366490,-0.515665
-49.0,-0.460223,-0.443063
-48.0,-0.532628,-0.436181
-47.0,-0.570109,-0.481701
-46.0,-0.640013,-0.515210
-45.0,-0.746678,-0.536286
-44.0,-0.500716,-0.550913
-43.0,-0.569612,-0.547718
-42.0,-0.582423,-0.523911
-41.0,-0.631005,-0.487438
-40.0,-0.580061,-0.451098
-39.0,-0.431002,-0.411963
-38.0,-0.328145,-0.360858
-37.0,-0.174541,-0.338932
-36.0,-0.094957,-0.312204
-35.0,-0.134025,-0.287736
-34.0,-0.170397,-0.255825
-33.0,-0.133410,-0.229688
-32.0,-0.237608,-0.181960
-31.0,-0.248879,-0.161642
-30.0,-0.288800,-0.159582
-29.0,-0.248077,-0.155003
-28.0,-0.266420,-0.140714
-27.0,0.141736,-0.159752
-26.0,-0.084328,-0.140573
-25.0,-0.149815,-0.111505
-24.0,-0.040012,-0.086965
-23.0,0.037440,-0.074814
-22.0,-0.398853,-0.071105
-21.0,0.096743,-0.069539
-20.0,0.111199,-0.112554
-19.0,0.045605,-0.152041
-18.0,-0.142981,-0.171888
-17.0,-0.203570,-0.212562
-16.0,-0.247632,-0.284082
-15.0,-0.374446,-0.360135
-14.0,-0.558170,-0.504229
-13.0,-0.387978,-0.627030
-12.0,-0.528102,-0.754249
-11.0,-0.820797,-0.882184
-10.0,-1.311493,-1.014865
-9.0,-1.632390,-1.166053
-8.0,-1.362412,-1.311169
-7.0,-1.481024,-1.440663
-6.0,-1.678200,-1.597310
-5.0,-1.795741,-1.748815
-4.0,-2.061888,-1.871379
-3.0,-2.115837,-1.935905
-2.0,-2.112088,-1.966182
-1.0,-2.267751,-1.993888
0.0,-2.346159,-2.007178
1.0,-2.291567,-2.005738
2.0,-2.085799,-1.999829
3.0,-1.995712,-1.985001
4.0,-1.694893,-1.979496
5.0,-1.640498,-1.992756
6.0,-1.660925,-1.994925
7.0,-1.724831,-1.982964
8.0,-1.883947,-1.989491
9.0,-2.049780,-2.038859
10.0,-2.271208,-2.094506
11.0,-2.293775,-2.153338
12.0,-2.202636,-2.235084
13.0,-2.369892,-2.339143
14.0,-2.678206,-2.458396
15.0,-2.663480,-2.584127
16.0,-2.400880,-2.697926
17.0,-2.621452,-2.778524
18.0,-2.909634,-2.856377
19.0,-3.155856,-2.944025
20.0,-3.392719,-3.029446
21.0,-3.415369,-3.076113
22.0,-3.238387,-3.127356
23.0,-3.228019,-3.145867
24.0,-3.254410,-3.179353
25.0,-3.394940,-3.244060
26.0,-3.238206,-3.373106
27.0,-3.278397,-3.500527
28.0,-2.623009,-3.634010
29.0,-3.023287,-3.750692
30.0,-3.686114,-3.834722
31.0,-4.704412,-3.871357
32.0,-4.921771,-3.886483
33.0,-5.017173,-3.909849
34.0,-4.638560,-3.920674
35.0,-4.236379,-4.012556
36.0,-3.694032,-4.101617
37.0,-3.576455,-4.136551
38.0,-3.518600,-4.085902
39.0,-3.408296,-4.046684
40.0,-3.725590,-3.984734
41.0,-4.092024,-3.964042
42.0,-4.105316,-3.992479
43.0,-4.096626,-4.085595
44.0,-4.451158,-4.217269
45.0,-4.273775,-4.378441
46.0,-4.390247,-4.547452
47.0,-4.577635,-4.686581
48.0,-4.811420,-4.819886
49.0,-5.156538,-4.938842
50.0,-5.452663,-5.045754
51.0,-5.436429,-5.109565
52.0,-5.395146,-5.187279
53.0,-5.691673,-5.270161
54.0,-5.532799,-5.339562
55.0,-5.379568,-5.400292
56.0,-5.216885,-5.448090
57.0,-5.206350,-5.476619
58.0,-5.384832,-5.488989
59.0,-5.410435,-5.534108
60.0,-5.540182,-5.561156
61.0,-5.730118,-5.604978
62.0,-5.795009,-5.681593
63.0,-5.584871,-5.757879
64.0,-5.936577,-5.795166
65.0,-6.016245,-5.804207
66.0,-6.058661,-5.838434
67.0,-6.298955,-5.866401
68.0,-6.132318,-5.866365
69.0,-5.653786,-5.841821
70.0,-5.493323,-5.818106
71.0,-5.821160,-5.826245
72.0,-5.875783,-5.831462
73.0,-5.729697,-5.855831
74.0,-5.500475,-5.850844
75.0,-5.300292,-5.855800
76.0,-6.034245,-5.868908
77.0,-6.078848,-5.918234
78.0,-6.351095,-5.984687
79.0,-6.239100,-6.068331
80.0,-6.191794,-6.162424
81.0,-5.811083,-6.303891
82.0,-6.085232,-6.495216
83.0,-6.618604,-6.588300
84.0,-6.879502,-6.772164
85.0,-6.858815,-6.905851
86.0,-7.198078,-7.045848
87.0,-7.596192,-7.188352
88.0,-7.151263,-7.378972
89.0,-8.285205,-7.566478
90.0,-7.955341,-7.708641
91.0,-7.919069,-7.874384
92.0,-7.901838,-8.069906
93.0,-8.098527,-8.211935
94.0,-8.335298,-8.303333
95.0,-8.324568,-8.512885
96.0,-8.868419,-8.589383
97.0,-9.205076,-8.696948
98.0,-8.902419,-8.816204
99.0,-8.692973,-8.936137
100.0,-9.665886,-9.065627
101.0,-9.203182,-9.181693
102.0,-9.246122,-9.278021
103.0,-9.350144,-9.322650
104.0,-9.341027,-9.373800
105.0,-9.652407,-9.463025
106.0,-9.728089,-9.571880
107.0,-9.480513,-9.563972
108.0,-9.403966,-9.604648
109.0,-9.818873,-9.635659
110.0,-9.973116,-9.641725
111.0,-9.999233,-9.608754
112.0,-9.570988,-9.530023
113.0,-9.691296,-9.459610
114.0,-9.618256,-9.435403
115.0,-9.422933,-9.429197
116.0,-8.945380,-9.385335
117.0,-8.707630,-9.304120
118.0,-8.883141,-9.227635
119.0,-9.190026,-9.175096
120.0,-9.329492,-9.152832
121.0,-9.292533,-9.117082
122.0,-8.998535,-9.049911
123.0,-9.081406,-9.014447
124.0,-8.940531,-8.935634
125.0,-9.424124,-8.812697
126.0,-9.189252,-8.634904
127.0,-8.616886,-8.429831
128.0,-8.519811,-8.201671
129.0,-7.761866,-8.000333
130.0,-7.407897,-7.784736
131.0,-7.056519,-7.516904
132.0,-6.868607,-7.244429
133.0,-6.554621,-6.956067
134.0,-6.582471,-6.710169
135.0,-6.494252,-6.457958
136.0,-5.726546,-6.248650
137.0,-6.154417,-6.065600
138.0,-5.728909,-5.917461
139.0,-5.666113,-5.844464
140.0,-5.493278,-5.872910
141.0,-5.250168,-5.859167
142.0,-5.211303,-5.727040
143.0,-5.278849,-5.474577
144.0,-5.992638,-5.061822
145.0,-6.895981,-4.662307
146.0,-6.417552,-4.225433
147.0,-4.908731,-3.797218
148.0,-2.696992,-3.383078
149.0,-1.201348,-2.992739
150.0,-0.934736,-2.572341
151.0,-0.423616,-2.106326
152.0,-0.354699,-1.572377
153.0,-0.280493,-1.076102
154.0,-0.527239,-0.665336
155.0,-0.234065,-0.437344
156.0,-0.400462,-0.330469
157.0,-0.488589,-0.247941
158.0,-0.462257,-0.205994
159.0,0.020467,-0.162374
160.0,0.038909,-0.120146
161.0,0.081151,-0.054375
162.0,0.055601,-0.013391
163.0,0.079749,0.041016
164.0,0.168745,0.098008
165.0,0.226234,0.149765
166.0,0.262018,0.136897
167.0,0.257738,0.112948
168.0,0.252423,0.088259
169.0,0.195319,0.070192
170.0,0.158824,0.050809
171.0,-0.133947,0.026392
172.0,-0.248476,0.004771
173.0,-0.215125,-0.021755
174.0,-0.161195,-0.044515
175.0,-0.152855,-0.064277
176.0,-0.124251,-0.075076
177.0,-0.033226,-0.080445
178.0,-0.056292,-0.059128
179.0,-0.015381,-0.025427
180.0,0.015286,0.005894
181.0,0.065721,0.019327
182.0,0.094400,0.032065
183.0,0.121858,0.042419
184.0,0.155941,0.045188
185.0,0.160722,0.049879
